{
  "train_losses": [
    [
      0.006655559885419078,
      0.006783881172951724,
      0.006707051277367605
    ],
    [
      0.006648076103172368,
      0.004281345816950003,
      0.003029344489590989
    ],
    [
      0.0030158334178850056,
      0.0029627953009265994,
      0.0028630126733332874
    ]
  ],
  "val_losses": [
    [
      0.007190141081809998,
      0.007149047707207501,
      0.0069743739673867825
    ],
    [
      0.006824411870911718,
      0.0032667864579707384,
      0.0031184812542051077
    ],
    [
      0.003125368163455278,
      0.002973837067838758,
      0.002849897206760943
    ]
  ],
  "val_psnrs": [
    [
      21.63425922393799,
      21.63124876022339,
      21.754845714569093
    ],
    [
      21.829975414276124,
      25.122618103027342,
      25.305740928649904
    ],
    [
      25.346752738952638,
      25.598004150390626,
      25.85581703186035
    ]
  ]
}