{
  "train_losses": [
    [
      0.00676888075346748,
      0.006749549730577403,
      0.00657427797300948
    ],
    [
      0.006579013551688857,
      0.004194950710775124,
      0.002975270509098967
    ],
    [
      0.003073497367505398,
      0.003044858279948433,
      0.0030299403989273643
    ]
  ],
  "val_losses": [
    [
      0.00720809493213892,
      0.007125495327636599,
      0.006856730929575861
    ],
    [
      0.0065898131113499405,
      0.0033393131103366613,
      0.0030939067422878
    ],
    [
      0.0031903468538075686,
      0.0031624330556951465,
      0.0031813044333830476
    ]
  ],
  "val_psnrs": [
    [
      21.599184799194337,
      21.676255416870116,
      21.82254867553711
    ],
    [
      21.97339506149292,
      25.02080593109131,
      25.363252353668212
    ],
    [
      25.221186637878418,
      25.26862316131592,
      25.23839464187622
    ]
  ]
}